source,target
CHEMBL3918648,CHEMBL3947414
CHEMBL3918648,CHEMBL3917414
CHEMBL3918648,CHEMBL3906518
CHEMBL3918648,CHEMBL3967197
CHEMBL3918648,CHEMBL3928041
CHEMBL3918648,CHEMBL3907858
CHEMBL3918648,CHEMBL3910228
CHEMBL3918648,CHEMBL3898798
CHEMBL3918648,CHEMBL3914118
CHEMBL3918648,CHEMBL3921452
CHEMBL3918648,CHEMBL3892917
CHEMBL3918648,CHEMBL3892420
CHEMBL3918648,CHEMBL3944761
CHEMBL3918648,CHEMBL3975679
CHEMBL3918648,CHEMBL3924881
CHEMBL3918648,CHEMBL3908329
CHEMBL3918648,CHEMBL3941095
CHEMBL3918648,CHEMBL3916859
CHEMBL3918648,CHEMBL3947138
CHEMBL3918648,CHEMBL3937899
CHEMBL3918648,CHEMBL3949575
CHEMBL3918648,CHEMBL3905319
CHEMBL3918648,CHEMBL3968289
CHEMBL3918648,CHEMBL3889655
CHEMBL3918648,CHEMBL3952769
CHEMBL3918648,CHEMBL3894278
CHEMBL3918648,CHEMBL3945243
CHEMBL3918648,CHEMBL3977296
CHEMBL3918648,CHEMBL3952594
CHEMBL3918648,CHEMBL3910515
CHEMBL3918648,CHEMBL3969459
CHEMBL3918648,CHEMBL3942915
CHEMBL3918648,CHEMBL3984492
CHEMBL3918648,CHEMBL3971418
CHEMBL3918648,CHEMBL3931442
CHEMBL3918648,CHEMBL3956094
CHEMBL3918648,CHEMBL3949563
CHEMBL3918648,CHEMBL3890281
CHEMBL3918648,CHEMBL3937537
CHEMBL3918648,CHEMBL3924686
CHEMBL3918648,CHEMBL3971668
CHEMBL3922395,CHEMBL3955027
CHEMBL3922395,CHEMBL3937899
CHEMBL3922395,CHEMBL3936799
CHEMBL3922395,CHEMBL3921902
CHEMBL3922395,CHEMBL3905319
CHEMBL3922395,CHEMBL3930090
CHEMBL3922395,CHEMBL3950129
CHEMBL3922395,CHEMBL3927804
CHEMBL3922395,CHEMBL3902972
CHEMBL2011995,CHEMBL2011975
CHEMBL2011995,CHEMBL2011979
CHEMBL2011995,CHEMBL2011980
CHEMBL2011995,CHEMBL2011994
CHEMBL2011995,CHEMBL2011997
CHEMBL3956094,CHEMBL3902064
CHEMBL3956094,CHEMBL3931049
CHEMBL3956094,CHEMBL3924881
CHEMBL3956094,CHEMBL3952594
CHEMBL3956094,CHEMBL3898147
CHEMBL3956094,CHEMBL3931442
CHEMBL3956094,CHEMBL3925667
CHEMBL3956094,CHEMBL3975679
CHEMBL3956094,CHEMBL3930021
CHEMBL3956094,CHEMBL3929364
CHEMBL3956094,CHEMBL3932859
CHEMBL3956094,CHEMBL3985789
CHEMBL3956094,CHEMBL3915893
CHEMBL3956094,CHEMBL3916859
CHEMBL3956094,CHEMBL3907101
CHEMBL3956094,CHEMBL3947138
CHEMBL3956094,CHEMBL3907865
CHEMBL3956094,CHEMBL3961621
CHEMBL3956094,CHEMBL3977296
CHEMBL3956094,CHEMBL3984492
CHEMBL3956094,CHEMBL3978016
CHEMBL3956094,CHEMBL3917414
CHEMBL3956094,CHEMBL3967197
CHEMBL3956094,CHEMBL3960329
CHEMBL3956094,CHEMBL3901897
CHEMBL3978589,CHEMBL3961870
CHEMBL3978589,CHEMBL3940738
CHEMBL3978589,CHEMBL3977064
CHEMBL3978589,CHEMBL3947812
CHEMBL3978589,CHEMBL3893436
CHEMBL3978589,CHEMBL3940987
CHEMBL3978589,CHEMBL3954775
CHEMBL3978589,CHEMBL3917252
CHEMBL3978589,CHEMBL3982458
CHEMBL3978589,CHEMBL3893733
CHEMBL3978589,CHEMBL3894278
CHEMBL3978589,CHEMBL3985645
CHEMBL3978589,CHEMBL3969218
CHEMBL3931442,CHEMBL3954987
CHEMBL3931442,CHEMBL3902064
CHEMBL3931442,CHEMBL3928041
CHEMBL3931442,CHEMBL3931049
CHEMBL3931442,CHEMBL3924881
CHEMBL3931442,CHEMBL3914820
CHEMBL3931442,CHEMBL3952594
CHEMBL3931442,CHEMBL3971426
CHEMBL3931442,CHEMBL3904651
CHEMBL3931442,CHEMBL3903571
CHEMBL3931442,CHEMBL3899232
CHEMBL3931442,CHEMBL3944761
CHEMBL3931442,CHEMBL3975679
CHEMBL3931442,CHEMBL3982750
CHEMBL3931442,CHEMBL3969218
CHEMBL3931442,CHEMBL3916859
CHEMBL3931442,CHEMBL3979775
CHEMBL3931442,CHEMBL3985789
CHEMBL3931442,CHEMBL3984492
CHEMBL3931442,CHEMBL3961621
CHEMBL3931442,CHEMBL3947138
CHEMBL3931442,CHEMBL3977296
CHEMBL3931442,CHEMBL3978016
CHEMBL3931442,CHEMBL3967197
CHEMBL3931442,CHEMBL3907865
CHEMBL3931442,CHEMBL3890281
CHEMBL3931442,CHEMBL3949575
CHEMBL3931442,CHEMBL3904873
CHEMBL3931442,CHEMBL3960329
CHEMBL3931442,CHEMBL3971668
CHEMBL3931442,CHEMBL3950717
CHEMBL3931442,CHEMBL3915893
CHEMBL3931442,CHEMBL3907101
CHEMBL3931442,CHEMBL3921866
CHEMBL3931442,CHEMBL3923862
CHEMBL3931442,CHEMBL3891075
CHEMBL3931442,CHEMBL3936219
CHEMBL3967197,CHEMBL3954987
CHEMBL3967197,CHEMBL3902064
CHEMBL3967197,CHEMBL3928041
CHEMBL3967197,CHEMBL3910228
CHEMBL3967197,CHEMBL3914118
CHEMBL3967197,CHEMBL3892917
CHEMBL3967197,CHEMBL3931049
CHEMBL3967197,CHEMBL3924881
CHEMBL3967197,CHEMBL3908329
CHEMBL3967197,CHEMBL3893604
CHEMBL3967197,CHEMBL3959263
CHEMBL3967197,CHEMBL3976431
CHEMBL3967197,CHEMBL3938355
CHEMBL3967197,CHEMBL3942086
CHEMBL3967197,CHEMBL3952594
CHEMBL3967197,CHEMBL3911835
CHEMBL3967197,CHEMBL3910515
CHEMBL3967197,CHEMBL3971426
CHEMBL3967197,CHEMBL3904651
CHEMBL3967197,CHEMBL3903571
CHEMBL3967197,CHEMBL3898147
CHEMBL3967197,CHEMBL3925667
CHEMBL3967197,CHEMBL3975679
CHEMBL3967197,CHEMBL3930021
CHEMBL3967197,CHEMBL3929364
CHEMBL3967197,CHEMBL3950717
CHEMBL3967197,CHEMBL3932859
CHEMBL3967197,CHEMBL3985789
CHEMBL3967197,CHEMBL3912999
CHEMBL3967197,CHEMBL3921452
CHEMBL3967197,CHEMBL3899232
CHEMBL3967197,CHEMBL3949670
CHEMBL3967197,CHEMBL3915893
CHEMBL3967197,CHEMBL3982750
CHEMBL3967197,CHEMBL3939857
CHEMBL3967197,CHEMBL3916859
CHEMBL3967197,CHEMBL3907101
CHEMBL3967197,CHEMBL3947138
CHEMBL3967197,CHEMBL3907865
CHEMBL3967197,CHEMBL3949575
CHEMBL3967197,CHEMBL3907858
CHEMBL3967197,CHEMBL3961621
CHEMBL3967197,CHEMBL3973797
CHEMBL3967197,CHEMBL3977296
CHEMBL3967197,CHEMBL3929836
CHEMBL3967197,CHEMBL3978736
CHEMBL3967197,CHEMBL3969459
CHEMBL3967197,CHEMBL3942915
CHEMBL3967197,CHEMBL3921866
CHEMBL3967197,CHEMBL3984492
CHEMBL3967197,CHEMBL3923862
CHEMBL3967197,CHEMBL3965266
CHEMBL3967197,CHEMBL3978016
CHEMBL3967197,CHEMBL3890281
CHEMBL3967197,CHEMBL3891075
CHEMBL3967197,CHEMBL3913634
CHEMBL3967197,CHEMBL3960329
CHEMBL3967197,CHEMBL3971668
CHEMBL3967197,CHEMBL3979775
CHEMBL3967197,CHEMBL3917414
CHEMBL3967197,CHEMBL3898798
CHEMBL3967197,CHEMBL3904873
CHEMBL3967197,CHEMBL3935818
CHEMBL3967197,CHEMBL3901897
CHEMBL3967197,CHEMBL3936219
CHEMBL2011986,CHEMBL2011992
CHEMBL2011986,CHEMBL2011989
CHEMBL2011986,CHEMBL2011987
CHEMBL2011986,CHEMBL2011988
CHEMBL2011986,CHEMBL2011993
CHEMBL2011986,CHEMBL2011985
CHEMBL2011986,CHEMBL2011990
CHEMBL2011986,CHEMBL2011991
CHEMBL3899232,CHEMBL3954987
CHEMBL3899232,CHEMBL3902064
CHEMBL3899232,CHEMBL3923100
CHEMBL3899232,CHEMBL3905209
CHEMBL3899232,CHEMBL3943544
CHEMBL3899232,CHEMBL3900560
CHEMBL3899232,CHEMBL3892917
CHEMBL3899232,CHEMBL3931049
CHEMBL3899232,CHEMBL3924881
CHEMBL3899232,CHEMBL3893604
CHEMBL3899232,CHEMBL3945243
CHEMBL3899232,CHEMBL3976431
CHEMBL3899232,CHEMBL3938355
CHEMBL3899232,CHEMBL3908395
CHEMBL3899232,CHEMBL3942086
CHEMBL3899232,CHEMBL3952594
CHEMBL3899232,CHEMBL3971426
CHEMBL3899232,CHEMBL3975679
CHEMBL3899232,CHEMBL3950717
CHEMBL3899232,CHEMBL3912999
CHEMBL3899232,CHEMBL3982750
CHEMBL3899232,CHEMBL3915583
CHEMBL3899232,CHEMBL3916859
CHEMBL3899232,CHEMBL3979775
CHEMBL3899232,CHEMBL3984492
CHEMBL3899232,CHEMBL3947138
CHEMBL3899232,CHEMBL3965266
CHEMBL3899232,CHEMBL3907865
CHEMBL3899232,CHEMBL3890281
CHEMBL3899232,CHEMBL3949575
CHEMBL3899232,CHEMBL3904873
CHEMBL3899232,CHEMBL3960329
CHEMBL3899232,CHEMBL3924686
CHEMBL3899232,CHEMBL3971668
CHEMBL3899232,CHEMBL3949670
CHEMBL3899232,CHEMBL3915893
CHEMBL3899232,CHEMBL3907101
CHEMBL3899232,CHEMBL3962846
CHEMBL3899232,CHEMBL3973797
CHEMBL3899232,CHEMBL3891551
CHEMBL3899232,CHEMBL3978736
CHEMBL3899232,CHEMBL3923862
CHEMBL3899232,CHEMBL3913054
CHEMBL3899232,CHEMBL3936219
CHEMBL2151182,CHEMBL2151181
CHEMBL2151182,CHEMBL2151179
CHEMBL2151182,CHEMBL2151180
CHEMBL2011989,CHEMBL2012002
CHEMBL2011989,CHEMBL2012000
CHEMBL2011989,CHEMBL2011992
CHEMBL2011989,CHEMBL2011987
CHEMBL2011989,CHEMBL2011988
CHEMBL2011989,CHEMBL2011993
CHEMBL2011989,CHEMBL2011985
CHEMBL3984049,CHEMBL3987008
CHEMBL3984049,CHEMBL3955417
CHEMBL3984049,CHEMBL3966088
CHEMBL3984049,CHEMBL3979167
CHEMBL3984049,CHEMBL3906518
CHEMBL3984049,CHEMBL3985039
CHEMBL3984049,CHEMBL3918762
CHEMBL3893604,CHEMBL3954987
CHEMBL3893604,CHEMBL3910228
CHEMBL3893604,CHEMBL3907858
CHEMBL3893604,CHEMBL3975679
CHEMBL3893604,CHEMBL3982750
CHEMBL3893604,CHEMBL3916859
CHEMBL3893604,CHEMBL3979775
CHEMBL3893604,CHEMBL3984492
CHEMBL3893604,CHEMBL3947138
CHEMBL3893604,CHEMBL3965266
CHEMBL3893604,CHEMBL3907865
CHEMBL3893604,CHEMBL3942086
CHEMBL3893604,CHEMBL3890281
CHEMBL3893604,CHEMBL3912999
CHEMBL3893604,CHEMBL3904873
CHEMBL3893604,CHEMBL3971668
CHEMBL3893604,CHEMBL3950717
CHEMBL3893604,CHEMBL3915893
CHEMBL3893604,CHEMBL3907101
CHEMBL3893604,CHEMBL3921866
CHEMBL3893604,CHEMBL3923862
CHEMBL3893604,CHEMBL3935818
CHEMBL3893604,CHEMBL3936219
CHEMBL3985645,CHEMBL3901823
CHEMBL3985645,CHEMBL3947812
CHEMBL3985645,CHEMBL3911285
CHEMBL3985645,CHEMBL3893733
CHEMBL3985645,CHEMBL3969218
CHEMBL3985645,CHEMBL3940987
CHEMBL3985645,CHEMBL3909833
CHEMBL3985645,CHEMBL3915583
CHEMBL3985645,CHEMBL3906356
CHEMBL3985645,CHEMBL3962552
CHEMBL3985645,CHEMBL3940738
CHEMBL3985645,CHEMBL3945243
CHEMBL3985645,CHEMBL3917252
CHEMBL3985645,CHEMBL3948490
CHEMBL3985645,CHEMBL3984963
CHEMBL3985645,CHEMBL3908395
CHEMBL3985645,CHEMBL3900560
CHEMBL3985645,CHEMBL3898798
CHEMBL3985645,CHEMBL3975767
CHEMBL3985645,CHEMBL3937535
CHEMBL3985645,CHEMBL3970292
CHEMBL3917252,CHEMBL3961870
CHEMBL3917252,CHEMBL3940738
CHEMBL3917252,CHEMBL3977064
CHEMBL3917252,CHEMBL3911285
CHEMBL3917252,CHEMBL3909833
CHEMBL3917252,CHEMBL3962552
CHEMBL3917252,CHEMBL3930419
CHEMBL3917252,CHEMBL3982458
CHEMBL2151141,CHEMBL2151181
CHEMBL2151141,CHEMBL2151180
CHEMBL2151141,CHEMBL2151138
CHEMBL2151141,CHEMBL2151179
CHEMBL3930090,CHEMBL3937899
CHEMBL3930090,CHEMBL3927804
CHEMBL3930090,CHEMBL3902972
CHEMBL2011964,CHEMBL2012002
CHEMBL2011964,CHEMBL2011977
CHEMBL2011964,CHEMBL2012006
CHEMBL2011964,CHEMBL2012003
CHEMBL2011964,CHEMBL2012069
CHEMBL2011964,CHEMBL2012005
CHEMBL2011964,CHEMBL2012004
CHEMBL3962552,CHEMBL3944720
CHEMBL3962552,CHEMBL3961870
CHEMBL3962552,CHEMBL3940738
CHEMBL3962552,CHEMBL3977064
CHEMBL3962552,CHEMBL3947812
CHEMBL3962552,CHEMBL3930419
CHEMBL3962552,CHEMBL3982458
CHEMBL3962552,CHEMBL3893399
CHEMBL2011985,CHEMBL2012000
CHEMBL2011985,CHEMBL2011993
CHEMBL2011985,CHEMBL2011988
CHEMBL2011985,CHEMBL2011990
CHEMBL2011985,CHEMBL2011992
CHEMBL2011985,CHEMBL2011987
CHEMBL2011985,CHEMBL2011991
CHEMBL3954775,CHEMBL3984093
CHEMBL3954775,CHEMBL3940738
CHEMBL3954775,CHEMBL3940987
CHEMBL3954775,CHEMBL3965570
CHEMBL3954775,CHEMBL3907681
CHEMBL3954775,CHEMBL3914234
CHEMBL3954775,CHEMBL3893733
CHEMBL3954775,CHEMBL3969218
CHEMBL3954775,CHEMBL3982458
CHEMBL3893399,CHEMBL3947414
CHEMBL3893399,CHEMBL3984492
CHEMBL3893399,CHEMBL3945243
CHEMBL3893399,CHEMBL3935772
CHEMBL3893399,CHEMBL3910515
CHEMBL3893399,CHEMBL3968289
CHEMBL3893399,CHEMBL3898798
CHEMBL3969218,CHEMBL3961870
CHEMBL3969218,CHEMBL3895439
CHEMBL3969218,CHEMBL3945940
CHEMBL3969218,CHEMBL3984093
CHEMBL3969218,CHEMBL3940738
CHEMBL3969218,CHEMBL3934761
CHEMBL3969218,CHEMBL3914820
CHEMBL3969218,CHEMBL3977064
CHEMBL3969218,CHEMBL3940987
CHEMBL3969218,CHEMBL3944761
CHEMBL3969218,CHEMBL3982458
CHEMBL3969218,CHEMBL3906356
CHEMBL3969218,CHEMBL3893733
CHEMBL3969218,CHEMBL3933481
CHEMBL3969218,CHEMBL3914234
CHEMBL3969218,CHEMBL3965570
CHEMBL3923862,CHEMBL3975679
CHEMBL3923862,CHEMBL3924881
CHEMBL3923862,CHEMBL3982750
CHEMBL3923862,CHEMBL3894278
CHEMBL3923862,CHEMBL3905209
CHEMBL3923862,CHEMBL3916859
CHEMBL3923862,CHEMBL3979775
CHEMBL3923862,CHEMBL3984492
CHEMBL3923862,CHEMBL3940738
CHEMBL3923862,CHEMBL3947138
CHEMBL3923862,CHEMBL3965266
CHEMBL3923862,CHEMBL3976431
CHEMBL3923862,CHEMBL3942086
CHEMBL3923862,CHEMBL3907865
CHEMBL3923862,CHEMBL3952594
CHEMBL3923862,CHEMBL3949563
CHEMBL3923862,CHEMBL3890281
CHEMBL3923862,CHEMBL3949575
CHEMBL3923862,CHEMBL3898798
CHEMBL3923862,CHEMBL3912999
CHEMBL3923862,CHEMBL3904873
CHEMBL3923862,CHEMBL3971668
CHEMBL2011987,CHEMBL2012000
CHEMBL2011987,CHEMBL2011993
CHEMBL2011987,CHEMBL2011988
CHEMBL2011987,CHEMBL2011990
CHEMBL2011987,CHEMBL2011992
CHEMBL2011987,CHEMBL2011991
CHEMBL3936219,CHEMBL3975679
CHEMBL3936219,CHEMBL3924881
CHEMBL3936219,CHEMBL3982750
CHEMBL3936219,CHEMBL3894278
CHEMBL3936219,CHEMBL3905209
CHEMBL3936219,CHEMBL3916859
CHEMBL3936219,CHEMBL3979775
CHEMBL3936219,CHEMBL3984492
CHEMBL3936219,CHEMBL3940738
CHEMBL3936219,CHEMBL3947138
CHEMBL3936219,CHEMBL3965266
CHEMBL3936219,CHEMBL3976431
CHEMBL3936219,CHEMBL3942086
CHEMBL3936219,CHEMBL3907865
CHEMBL3936219,CHEMBL3952594
CHEMBL3936219,CHEMBL3949563
CHEMBL3936219,CHEMBL3890281
CHEMBL3936219,CHEMBL3949575
CHEMBL3936219,CHEMBL3898798
CHEMBL3936219,CHEMBL3912999
CHEMBL3936219,CHEMBL3904873
CHEMBL3936219,CHEMBL3971668
CHEMBL2011997,CHEMBL2011994
CHEMBL2011972,CHEMBL2011971
CHEMBL2011972,CHEMBL2011966
CHEMBL3924686,CHEMBL3923100
CHEMBL3924686,CHEMBL3905209
CHEMBL3924686,CHEMBL3943544
CHEMBL3924686,CHEMBL3900560
CHEMBL3924686,CHEMBL3928041
CHEMBL3924686,CHEMBL3892917
CHEMBL3924686,CHEMBL3937899
CHEMBL3924686,CHEMBL3945243
CHEMBL3924686,CHEMBL3904651
CHEMBL3924686,CHEMBL3903571
CHEMBL3924686,CHEMBL3937537
CHEMBL3924686,CHEMBL3985789
CHEMBL3924686,CHEMBL3949670
CHEMBL3924686,CHEMBL3915583
CHEMBL3924686,CHEMBL3927804
CHEMBL3924686,CHEMBL3905319
CHEMBL3924686,CHEMBL3962846
CHEMBL3924686,CHEMBL3973797
CHEMBL3924686,CHEMBL3891551
CHEMBL3924686,CHEMBL3978736
CHEMBL3924686,CHEMBL3969459
CHEMBL3924686,CHEMBL3942915
CHEMBL3924686,CHEMBL3921866
CHEMBL3924686,CHEMBL3971418
CHEMBL3924686,CHEMBL3902972
CHEMBL3924686,CHEMBL3891075
CHEMBL3924686,CHEMBL3913634
CHEMBL3924686,CHEMBL3971668
CHEMBL3924686,CHEMBL3913054
CHEMBL3961870,CHEMBL3901823
CHEMBL3961870,CHEMBL3947812
CHEMBL3961870,CHEMBL3911285
CHEMBL3961870,CHEMBL3893733
CHEMBL3961870,CHEMBL3940987
CHEMBL3961870,CHEMBL3909833
CHEMBL3961870,CHEMBL3915583
CHEMBL3961870,CHEMBL3906356
CHEMBL3961870,CHEMBL3940738
CHEMBL3961870,CHEMBL3945243
CHEMBL3961870,CHEMBL3948490
CHEMBL3961870,CHEMBL3984963
CHEMBL3961870,CHEMBL3908395
CHEMBL3961870,CHEMBL3900560
CHEMBL3961870,CHEMBL3898798
CHEMBL3961870,CHEMBL3975767
CHEMBL3961870,CHEMBL3937535
CHEMBL3961870,CHEMBL3970292
CHEMBL3961870,CHEMBL3982458
CHEMBL3961870,CHEMBL3933481
CHEMBL3961870,CHEMBL3913054
CHEMBL2151181,CHEMBL3259832
CHEMBL2151181,CHEMBL2151180
CHEMBL2151181,CHEMBL2151179
CHEMBL3971718,CHEMBL3944361
CHEMBL3971718,CHEMBL3941095
CHEMBL3971718,CHEMBL3921902
CHEMBL3971718,CHEMBL3934307
CHEMBL3917414,CHEMBL3947414
CHEMBL3917414,CHEMBL3904722
CHEMBL3917414,CHEMBL3943544
CHEMBL3917414,CHEMBL3928041
CHEMBL3917414,CHEMBL3914118
CHEMBL3917414,CHEMBL3892917
CHEMBL3917414,CHEMBL3924881
CHEMBL3917414,CHEMBL3908329
CHEMBL3917414,CHEMBL3910515
CHEMBL3917414,CHEMBL3904651
CHEMBL3917414,CHEMBL3892420
CHEMBL3917414,CHEMBL3903571
CHEMBL3917414,CHEMBL3975679
CHEMBL3917414,CHEMBL3985789
CHEMBL3917414,CHEMBL3921452
CHEMBL3917414,CHEMBL3961454
CHEMBL3917414,CHEMBL3949670
CHEMBL3917414,CHEMBL3915893
CHEMBL3917414,CHEMBL3939857
CHEMBL3917414,CHEMBL3907101
CHEMBL3917414,CHEMBL3949575
CHEMBL3917414,CHEMBL3973797
CHEMBL3917414,CHEMBL3977296
CHEMBL3917414,CHEMBL3929836
CHEMBL3917414,CHEMBL3921432
CHEMBL3917414,CHEMBL3978736
CHEMBL3917414,CHEMBL3942915
CHEMBL3917414,CHEMBL3984492
CHEMBL3917414,CHEMBL3891075
CHEMBL3917414,CHEMBL3913634
CHEMBL3917414,CHEMBL3898798
CHEMBL3921452,CHEMBL3923100
CHEMBL3921452,CHEMBL3947414
CHEMBL3921452,CHEMBL3905209
CHEMBL3921452,CHEMBL3900560
CHEMBL3921452,CHEMBL3928041
CHEMBL3921452,CHEMBL3910228
CHEMBL3921452,CHEMBL3914118
CHEMBL3921452,CHEMBL3892917
CHEMBL3921452,CHEMBL3908329
CHEMBL3921452,CHEMBL3952769
CHEMBL3921452,CHEMBL3927055
CHEMBL3921452,CHEMBL3945243
CHEMBL3921452,CHEMBL3908395
CHEMBL3921452,CHEMBL3910515
CHEMBL3921452,CHEMBL3968289
CHEMBL3921452,CHEMBL3904651
CHEMBL3921452,CHEMBL3892420
CHEMBL3921452,CHEMBL3903571
CHEMBL3921452,CHEMBL3925066
CHEMBL3921452,CHEMBL3975679
CHEMBL3921452,CHEMBL3949563
CHEMBL3921452,CHEMBL3985789
CHEMBL3921452,CHEMBL3920356
CHEMBL3921452,CHEMBL3898798
CHEMBL3921452,CHEMBL3933178
CHEMBL3921452,CHEMBL3944761
CHEMBL3921452,CHEMBL3915583
CHEMBL3921452,CHEMBL3906356
CHEMBL3921452,CHEMBL3951262
CHEMBL3921452,CHEMBL3894278
CHEMBL3921452,CHEMBL3977296
CHEMBL3921452,CHEMBL3969459
CHEMBL3921452,CHEMBL3942915
CHEMBL3921452,CHEMBL3961454
CHEMBL3921452,CHEMBL3949670
CHEMBL3921452,CHEMBL3915893
CHEMBL3921452,CHEMBL3939857
CHEMBL3921452,CHEMBL3907101
CHEMBL3921452,CHEMBL3944146
CHEMBL3921452,CHEMBL3962846
CHEMBL3921452,CHEMBL3933481
CHEMBL3921452,CHEMBL3973797
CHEMBL3921452,CHEMBL3891551
CHEMBL3921452,CHEMBL3929836
CHEMBL3921452,CHEMBL3921432
CHEMBL3921452,CHEMBL3978736
CHEMBL3921452,CHEMBL3891075
CHEMBL3921452,CHEMBL3913634
CHEMBL3921452,CHEMBL3891425
CHEMBL3921452,CHEMBL3901897
CHEMBL3921452,CHEMBL3913054
CHEMBL2151134,CHEMBL2151140
CHEMBL3898798,CHEMBL3954987
CHEMBL3898798,CHEMBL3934800
CHEMBL3898798,CHEMBL3923100
CHEMBL3898798,CHEMBL3947414
CHEMBL3898798,CHEMBL3944720
CHEMBL3898798,CHEMBL3905209
CHEMBL3898798,CHEMBL3900560
CHEMBL3898798,CHEMBL3928041
CHEMBL3898798,CHEMBL3910228
CHEMBL3898798,CHEMBL3914118
CHEMBL3898798,CHEMBL3892917
CHEMBL3898798,CHEMBL3940738
CHEMBL3898798,CHEMBL3908329
CHEMBL3898798,CHEMBL3952769
CHEMBL3898798,CHEMBL3945243
CHEMBL3898798,CHEMBL3908395
CHEMBL3898798,CHEMBL3910515
CHEMBL3898798,CHEMBL3968289
CHEMBL3898798,CHEMBL3977064
CHEMBL3898798,CHEMBL3904651
CHEMBL3898798,CHEMBL3913815
CHEMBL3898798,CHEMBL3892420
CHEMBL3898798,CHEMBL3893436
CHEMBL3898798,CHEMBL3903571
CHEMBL3898798,CHEMBL3925066
CHEMBL3898798,CHEMBL3949563
CHEMBL3898798,CHEMBL3950717
CHEMBL3898798,CHEMBL3985789
CHEMBL3898798,CHEMBL3961454
CHEMBL3898798,CHEMBL3944761
CHEMBL3898798,CHEMBL3949670
CHEMBL3898798,CHEMBL3939857
CHEMBL3898798,CHEMBL3915583
CHEMBL3898798,CHEMBL3947138
CHEMBL3898798,CHEMBL3982458
CHEMBL3898798,CHEMBL3906356
CHEMBL3898798,CHEMBL3944146
CHEMBL3898798,CHEMBL3951262
CHEMBL3898798,CHEMBL3894278
CHEMBL3898798,CHEMBL3962846
CHEMBL3898798,CHEMBL3933481
CHEMBL3898798,CHEMBL3973797
CHEMBL3898798,CHEMBL3891551
CHEMBL3898798,CHEMBL3929836
CHEMBL3898798,CHEMBL3921432
CHEMBL3898798,CHEMBL3935772
CHEMBL3898798,CHEMBL3978736
CHEMBL3898798,CHEMBL3969459
CHEMBL3898798,CHEMBL3984492
CHEMBL3898798,CHEMBL3891075
CHEMBL3898798,CHEMBL3891425
CHEMBL3898798,CHEMBL3971668
CHEMBL3898798,CHEMBL3920318
CHEMBL3898798,CHEMBL3904873
CHEMBL3898798,CHEMBL3933178
CHEMBL3898798,CHEMBL3901897
CHEMBL3898798,CHEMBL3913054
CHEMBL3955417,CHEMBL3897396
CHEMBL3955417,CHEMBL3908395
CHEMBL3955417,CHEMBL3915583
CHEMBL3955417,CHEMBL3979167
CHEMBL3955417,CHEMBL3914455
CHEMBL3955417,CHEMBL3987008
CHEMBL3955417,CHEMBL3906518
CHEMBL3950129,CHEMBL3984050
CHEMBL3950129,CHEMBL3964308
CHEMBL3950129,CHEMBL3944361
CHEMBL3950129,CHEMBL3912921
CHEMBL3950129,CHEMBL3958334
CHEMBL3933481,CHEMBL3947812
CHEMBL3933481,CHEMBL3892917
CHEMBL3933481,CHEMBL3894278
CHEMBL3933481,CHEMBL3940738
CHEMBL3933481,CHEMBL3945243
CHEMBL3933481,CHEMBL3934761
CHEMBL3933481,CHEMBL3977411
CHEMBL3933481,CHEMBL3948490
CHEMBL3933481,CHEMBL3984963
CHEMBL3933481,CHEMBL3907681
CHEMBL3933481,CHEMBL3949563
CHEMBL3971418,CHEMBL3904722
CHEMBL3971418,CHEMBL3932724
CHEMBL3971418,CHEMBL3928041
CHEMBL3971418,CHEMBL3904651
CHEMBL3971418,CHEMBL3903571
CHEMBL3971418,CHEMBL3985789
CHEMBL3971418,CHEMBL3907858
CHEMBL3971418,CHEMBL3969459
CHEMBL3971418,CHEMBL3942915
CHEMBL3971418,CHEMBL3891075
CHEMBL3971418,CHEMBL3913634
CHEMBL3971418,CHEMBL3935818
CHEMBL3949670,CHEMBL3892420
CHEMBL3949670,CHEMBL3908329
CHEMBL3949670,CHEMBL3952769
CHEMBL3949670,CHEMBL3894278
CHEMBL3949670,CHEMBL3905209
CHEMBL3949670,CHEMBL3923100
CHEMBL3949670,CHEMBL3906356
CHEMBL3949670,CHEMBL3915583
CHEMBL3949670,CHEMBL3947414
CHEMBL3949670,CHEMBL3928041
CHEMBL3949670,CHEMBL3940738
CHEMBL3949670,CHEMBL3985789
CHEMBL3949670,CHEMBL3945243
CHEMBL3949670,CHEMBL3984963
CHEMBL3949670,CHEMBL3914118
CHEMBL3949670,CHEMBL3908395
CHEMBL3949670,CHEMBL3900560
CHEMBL3949670,CHEMBL3949563
CHEMBL3949670,CHEMBL3910228
CHEMBL3949670,CHEMBL3910515
CHEMBL3949670,CHEMBL3968289
CHEMBL3949670,CHEMBL3959554
CHEMBL3949670,CHEMBL3937535
CHEMBL3949670,CHEMBL3971668
CHEMBL3949670,CHEMBL3933178
CHEMBL3905209,CHEMBL3954987
CHEMBL3905209,CHEMBL3923100
CHEMBL3905209,CHEMBL3908329
CHEMBL3905209,CHEMBL3892917
CHEMBL3905209,CHEMBL3894278
CHEMBL3905209,CHEMBL3915583
CHEMBL3905209,CHEMBL3945243
CHEMBL3905209,CHEMBL3947138
CHEMBL3905209,CHEMBL3943544
CHEMBL3905209,CHEMBL3908395
CHEMBL3905209,CHEMBL3900560
CHEMBL3905209,CHEMBL3949563
CHEMBL3905209,CHEMBL3910515
CHEMBL3905209,CHEMBL3987008
CHEMBL3905209,CHEMBL3259832
CHEMBL3905209,CHEMBL3904873
CHEMBL3905209,CHEMBL3971668
CHEMBL3905209,CHEMBL3950717
CHEMBL3905209,CHEMBL3939857
CHEMBL3905209,CHEMBL3973797
CHEMBL3905209,CHEMBL3891551
CHEMBL3905209,CHEMBL3978736
CHEMBL3905209,CHEMBL3921866
CHEMBL3905209,CHEMBL3891425
CHEMBL3905209,CHEMBL3913054
CHEMBL3934761,CHEMBL3944761
CHEMBL3934761,CHEMBL3914207
CHEMBL3934761,CHEMBL3940987
CHEMBL3934761,CHEMBL3906356
CHEMBL3934761,CHEMBL3901303
CHEMBL3934761,CHEMBL3984963
CHEMBL3934761,CHEMBL3907681
CHEMBL3971426,CHEMBL3931049
CHEMBL3971426,CHEMBL3924881
CHEMBL3971426,CHEMBL3952769
CHEMBL3971426,CHEMBL3952594
CHEMBL3971426,CHEMBL3892420
CHEMBL3971426,CHEMBL3975679
CHEMBL3971426,CHEMBL3982750
CHEMBL3971426,CHEMBL3916859
CHEMBL3971426,CHEMBL3984492
CHEMBL3971426,CHEMBL3947138
CHEMBL3971426,CHEMBL3965266
CHEMBL3971426,CHEMBL3907865
CHEMBL3971426,CHEMBL3949575
CHEMBL3971426,CHEMBL3960329
CHEMBL3971426,CHEMBL3971668
CHEMBL3971426,CHEMBL3925066
CHEMBL3971426,CHEMBL3961454
CHEMBL3971426,CHEMBL3915893
CHEMBL3971426,CHEMBL3907101
CHEMBL3971426,CHEMBL3921866
CHEMBL3914234,CHEMBL3984093
CHEMBL3914234,CHEMBL3940738
CHEMBL3914234,CHEMBL3940987
CHEMBL3914234,CHEMBL3982458
CHEMBL3914234,CHEMBL3893733
CHEMBL3914234,CHEMBL3965570
CHEMBL3259832,CHEMBL3923100
CHEMBL3259832,CHEMBL3908395
CHEMBL3259832,CHEMBL3910515
CHEMBL3259832,CHEMBL3915583
CHEMBL3259832,CHEMBL3962846
CHEMBL3259832,CHEMBL3891551
CHEMBL3952594,CHEMBL3954987
CHEMBL3952594,CHEMBL3902064
CHEMBL3952594,CHEMBL3931049
CHEMBL3952594,CHEMBL3924881
CHEMBL3952594,CHEMBL3959263
CHEMBL3952594,CHEMBL3938355
CHEMBL3952594,CHEMBL3975679
CHEMBL3952594,CHEMBL3916859
CHEMBL3952594,CHEMBL3985789
CHEMBL3952594,CHEMBL3984492
CHEMBL3952594,CHEMBL3961621
CHEMBL3952594,CHEMBL3898147
CHEMBL3952594,CHEMBL3947138
CHEMBL3952594,CHEMBL3932859
CHEMBL3952594,CHEMBL3925667
CHEMBL3952594,CHEMBL3977296
CHEMBL3952594,CHEMBL3978016
CHEMBL3952594,CHEMBL3907865
CHEMBL3952594,CHEMBL3949575
CHEMBL3952594,CHEMBL3930021
CHEMBL3952594,CHEMBL3960329
CHEMBL3952594,CHEMBL3929364
CHEMBL3952594,CHEMBL3971668
CHEMBL3952594,CHEMBL3950717
CHEMBL3952594,CHEMBL3915893
CHEMBL3952594,CHEMBL3907101
CHEMBL3952594,CHEMBL3921866
CHEMBL3909833,CHEMBL3940738
CHEMBL3909833,CHEMBL3977064
CHEMBL3909833,CHEMBL3901823
CHEMBL3909833,CHEMBL3911285
CHEMBL3909833,CHEMBL3982458
CHEMBL3909833,CHEMBL3984963
CHEMBL3914207,CHEMBL3944761
CHEMBL3914207,CHEMBL3893436
CHEMBL3914207,CHEMBL3894278
CHEMBL3914207,CHEMBL3949563
CHEMBL3914207,CHEMBL3890281
CHEMBL3914207,CHEMBL3891425
CHEMBL3932859,CHEMBL3902064
CHEMBL3932859,CHEMBL3931049
CHEMBL3932859,CHEMBL3924881
CHEMBL3932859,CHEMBL3975679
CHEMBL3932859,CHEMBL3916859
CHEMBL3932859,CHEMBL3984492
CHEMBL3932859,CHEMBL3961621
CHEMBL3932859,CHEMBL3947138
CHEMBL3932859,CHEMBL3977296
CHEMBL3932859,CHEMBL3907865
CHEMBL3932859,CHEMBL3949575
CHEMBL3932859,CHEMBL3960329
CHEMBL3932859,CHEMBL3971668
CHEMBL3932859,CHEMBL3915893
CHEMBL3932859,CHEMBL3907101
CHEMBL2011991,CHEMBL2012000
CHEMBL2011991,CHEMBL2011992
CHEMBL2011991,CHEMBL2012002
CHEMBL2011991,CHEMBL2011988
CHEMBL2011991,CHEMBL2011993
CHEMBL3962846,CHEMBL3908329
CHEMBL3962846,CHEMBL3954987
CHEMBL3962846,CHEMBL3892917
CHEMBL3962846,CHEMBL3894278
CHEMBL3962846,CHEMBL3923100
CHEMBL3962846,CHEMBL3915583
CHEMBL3962846,CHEMBL3945243
CHEMBL3962846,CHEMBL3947138
CHEMBL3962846,CHEMBL3943544
CHEMBL3962846,CHEMBL3908395
CHEMBL3962846,CHEMBL3900560
CHEMBL3962846,CHEMBL3949563
CHEMBL3962846,CHEMBL3910515
CHEMBL3962846,CHEMBL3987008
CHEMBL3962846,CHEMBL3904873
CHEMBL3962846,CHEMBL3971668
CHEMBL3944761,CHEMBL3908329
CHEMBL3944761,CHEMBL3945243
CHEMBL3944761,CHEMBL3914820
CHEMBL3944761,CHEMBL3910515
CHEMBL3944761,CHEMBL3893436
CHEMBL3944761,CHEMBL3940987
CHEMBL3944761,CHEMBL3949563
CHEMBL3944761,CHEMBL3985789
CHEMBL3944761,CHEMBL3969459
CHEMBL3944761,CHEMBL3894278
CHEMBL3944761,CHEMBL3979775
CHEMBL3944761,CHEMBL3890281
CHEMBL3944761,CHEMBL3939857
CHEMBL3944761,CHEMBL3891425
CHEMBL3895439,CHEMBL3945940
CHEMBL3895439,CHEMBL3940987
CHEMBL3895439,CHEMBL3901303
CHEMBL3895439,CHEMBL3914820
CHEMBL3959263,CHEMBL3931049
CHEMBL3959263,CHEMBL3924881
CHEMBL3959263,CHEMBL3975679
CHEMBL3959263,CHEMBL3916859
CHEMBL3959263,CHEMBL3984492
CHEMBL3959263,CHEMBL3961621
CHEMBL3959263,CHEMBL3947138
CHEMBL3959263,CHEMBL3977296
CHEMBL3959263,CHEMBL3907865
CHEMBL3959263,CHEMBL3949575
CHEMBL3959263,CHEMBL3971668
CHEMBL3959263,CHEMBL3915893
CHEMBL3959263,CHEMBL3907101
CHEMBL3977064,CHEMBL3901823
CHEMBL3977064,CHEMBL3947812
CHEMBL3977064,CHEMBL3911285
CHEMBL3977064,CHEMBL3893733
CHEMBL3977064,CHEMBL3940987
CHEMBL3977064,CHEMBL3915583
CHEMBL3977064,CHEMBL3906356
CHEMBL3977064,CHEMBL3940738
CHEMBL3977064,CHEMBL3945243
CHEMBL3977064,CHEMBL3948490
CHEMBL3977064,CHEMBL3984963
CHEMBL3977064,CHEMBL3908395
CHEMBL3977064,CHEMBL3900560
CHEMBL3977064,CHEMBL3975767
CHEMBL3977064,CHEMBL3937535
CHEMBL3977064,CHEMBL3970292
CHEMBL3921902,CHEMBL3955027
CHEMBL3921902,CHEMBL3941095
CHEMBL3921902,CHEMBL3958334
CHEMBL3904651,CHEMBL3985789
CHEMBL3904651,CHEMBL3907858
CHEMBL3904651,CHEMBL3910228
CHEMBL3904651,CHEMBL3914118
CHEMBL3904651,CHEMBL3892917
CHEMBL3904651,CHEMBL3892420
CHEMBL3904651,CHEMBL3975679
CHEMBL3904651,CHEMBL3908329
CHEMBL3904651,CHEMBL3941095
CHEMBL3904651,CHEMBL3916859
CHEMBL3904651,CHEMBL3947138
CHEMBL3904651,CHEMBL3907865
CHEMBL3904651,CHEMBL3905319
CHEMBL3904651,CHEMBL3894278
CHEMBL3904651,CHEMBL3910515
CHEMBL3904651,CHEMBL3969459
CHEMBL3904651,CHEMBL3942915
CHEMBL3904651,CHEMBL3984492
CHEMBL3904651,CHEMBL3949563
CHEMBL3904651,CHEMBL3971668
CHEMBL3975767,CHEMBL3940738
CHEMBL3975767,CHEMBL3901823
CHEMBL3975767,CHEMBL3947812
CHEMBL3975767,CHEMBL3893733
CHEMBL3975767,CHEMBL3984963
CHEMBL3975767,CHEMBL3982458
CHEMBL3908329,CHEMBL3934800
CHEMBL3908329,CHEMBL3923100
CHEMBL3908329,CHEMBL3947414
CHEMBL3908329,CHEMBL3900560
CHEMBL3908329,CHEMBL3928041
CHEMBL3908329,CHEMBL3910228
CHEMBL3908329,CHEMBL3914118
CHEMBL3908329,CHEMBL3892917
CHEMBL3908329,CHEMBL3892420
CHEMBL3908329,CHEMBL3952769
CHEMBL3908329,CHEMBL3894278
CHEMBL3908329,CHEMBL3942915
CHEMBL3908329,CHEMBL3915583
CHEMBL3908329,CHEMBL3985789
CHEMBL3908329,CHEMBL3945243
CHEMBL3908329,CHEMBL3908395
CHEMBL3908329,CHEMBL3949563
CHEMBL3908329,CHEMBL3910515
CHEMBL3908329,CHEMBL3968289
CHEMBL3908329,CHEMBL3903571
CHEMBL3908329,CHEMBL3925066
CHEMBL3908329,CHEMBL3961454
CHEMBL3908329,CHEMBL3944146
CHEMBL3908329,CHEMBL3973797
CHEMBL3908329,CHEMBL3891551
CHEMBL3908329,CHEMBL3929836
CHEMBL3908329,CHEMBL3921432
CHEMBL3908329,CHEMBL3978736
CHEMBL3908329,CHEMBL3891075
CHEMBL3908329,CHEMBL3913634
CHEMBL3908329,CHEMBL3891425
CHEMBL3908329,CHEMBL3901897
CHEMBL3908329,CHEMBL3913054
CHEMBL2151179,CHEMBL2151180
CHEMBL3971668,CHEMBL3954987
CHEMBL3971668,CHEMBL3902064
CHEMBL3971668,CHEMBL3923100
CHEMBL3971668,CHEMBL3943544
CHEMBL3971668,CHEMBL3900560
CHEMBL3971668,CHEMBL3928041
CHEMBL3971668,CHEMBL3892917
CHEMBL3971668,CHEMBL3931049
CHEMBL3971668,CHEMBL3924881
CHEMBL3971668,CHEMBL3945243
CHEMBL3971668,CHEMBL3976431
CHEMBL3971668,CHEMBL3938355
CHEMBL3971668,CHEMBL3908395
CHEMBL3971668,CHEMBL3942086
CHEMBL3971668,CHEMBL3903571
CHEMBL3971668,CHEMBL3898147
CHEMBL3971668,CHEMBL3975679
CHEMBL3971668,CHEMBL3949563
CHEMBL3971668,CHEMBL3930021
CHEMBL3971668,CHEMBL3950717
CHEMBL3971668,CHEMBL3985789
CHEMBL3971668,CHEMBL3912999
CHEMBL3971668,CHEMBL3915893
CHEMBL3971668,CHEMBL3982750
CHEMBL3971668,CHEMBL3916859
CHEMBL3971668,CHEMBL3915583
CHEMBL3971668,CHEMBL3907101
CHEMBL3971668,CHEMBL3947138
CHEMBL3971668,CHEMBL3907865
CHEMBL3971668,CHEMBL3949575
CHEMBL3971668,CHEMBL3907858
CHEMBL3971668,CHEMBL3894278
CHEMBL3971668,CHEMBL3973797
CHEMBL3971668,CHEMBL3891551
CHEMBL3971668,CHEMBL3978736
CHEMBL3971668,CHEMBL3969459
CHEMBL3971668,CHEMBL3942915
CHEMBL3971668,CHEMBL3921866
CHEMBL3971668,CHEMBL3984492
CHEMBL3971668,CHEMBL3965266
CHEMBL3971668,CHEMBL3890281
CHEMBL3971668,CHEMBL3891075
CHEMBL3971668,CHEMBL3913634
CHEMBL3971668,CHEMBL3960329
CHEMBL3971668,CHEMBL3891425
CHEMBL3971668,CHEMBL3979775
CHEMBL3971668,CHEMBL3904873
CHEMBL3971668,CHEMBL3935818
CHEMBL3971668,CHEMBL3913054
CHEMBL3933178,CHEMBL3910228
CHEMBL3933178,CHEMBL3892917
CHEMBL3933178,CHEMBL3910515
CHEMBL3933178,CHEMBL3949563
CHEMBL3933178,CHEMBL3973797
CHEMBL3933178,CHEMBL3978736
CHEMBL3933178,CHEMBL3891425
CHEMBL2011978,CHEMBL2011977
CHEMBL2011978,CHEMBL2011975
CHEMBL2011978,CHEMBL2011974
CHEMBL2011978,CHEMBL2011979
CHEMBL2011978,CHEMBL2011980
CHEMBL2011978,CHEMBL2012005
CHEMBL2011978,CHEMBL2011966
CHEMBL3910228,CHEMBL3947414
CHEMBL3910228,CHEMBL3928041
CHEMBL3910228,CHEMBL3892420
CHEMBL3910228,CHEMBL3892917
CHEMBL3910228,CHEMBL3952769
CHEMBL3910228,CHEMBL3894278
CHEMBL3910228,CHEMBL3985789
CHEMBL3910228,CHEMBL3949563
CHEMBL3910228,CHEMBL3910515
CHEMBL3910228,CHEMBL3968289
CHEMBL3910228,CHEMBL3903571
CHEMBL3910228,CHEMBL3925066
CHEMBL3910228,CHEMBL3961454
CHEMBL3910228,CHEMBL3939857
CHEMBL3910228,CHEMBL3944146
CHEMBL3910228,CHEMBL3973797
CHEMBL3910228,CHEMBL3921432
CHEMBL3910228,CHEMBL3978736
CHEMBL3910228,CHEMBL3891075
CHEMBL3910228,CHEMBL3891425
CHEMBL3891075,CHEMBL3985789
CHEMBL3891075,CHEMBL3907858
CHEMBL3891075,CHEMBL3914118
CHEMBL3891075,CHEMBL3892917
CHEMBL3891075,CHEMBL3892420
CHEMBL3891075,CHEMBL3975679
CHEMBL3891075,CHEMBL3941095
CHEMBL3891075,CHEMBL3916859
CHEMBL3891075,CHEMBL3947138
CHEMBL3891075,CHEMBL3907865
CHEMBL3891075,CHEMBL3905319
CHEMBL3891075,CHEMBL3894278
CHEMBL3891075,CHEMBL3910515
CHEMBL3891075,CHEMBL3969459
CHEMBL3891075,CHEMBL3942915
CHEMBL3891075,CHEMBL3984492
CHEMBL3891075,CHEMBL3949563
CHEMBL2012002,CHEMBL2012001
CHEMBL2012002,CHEMBL2012005
CHEMBL2012002,CHEMBL2011988
CHEMBL2012002,CHEMBL2012000
CHEMBL2012002,CHEMBL2011990
CHEMBL2011993,CHEMBL2012000
CHEMBL2011993,CHEMBL2011992
CHEMBL2011993,CHEMBL2011988
CHEMBL2011993,CHEMBL2011990
CHEMBL2012005,CHEMBL2012006
CHEMBL2012005,CHEMBL2012003
CHEMBL2012005,CHEMBL2012069
CHEMBL2012005,CHEMBL2012004
CHEMBL3672921,CHEMBL3672922
CHEMBL3672921,CHEMBL3928819
CHEMBL3672921,CHEMBL2151138
CHEMBL3978736,CHEMBL3892420
CHEMBL3978736,CHEMBL3952769
CHEMBL3978736,CHEMBL3894278
CHEMBL3978736,CHEMBL3923100
CHEMBL3978736,CHEMBL3906356
CHEMBL3978736,CHEMBL3915583
CHEMBL3978736,CHEMBL3947414
CHEMBL3978736,CHEMBL3928041
CHEMBL3978736,CHEMBL3940738
CHEMBL3978736,CHEMBL3985789
CHEMBL3978736,CHEMBL3945243
CHEMBL3978736,CHEMBL3984963
CHEMBL3978736,CHEMBL3914118
CHEMBL3978736,CHEMBL3908395
CHEMBL3978736,CHEMBL3900560
CHEMBL3978736,CHEMBL3949563
CHEMBL3978736,CHEMBL3910515
CHEMBL3978736,CHEMBL3968289
CHEMBL3978736,CHEMBL3959554
CHEMBL3978736,CHEMBL3937535
CHEMBL3900560,CHEMBL3923100
CHEMBL3900560,CHEMBL3892917
CHEMBL3900560,CHEMBL3894278
CHEMBL3900560,CHEMBL3915583
CHEMBL3900560,CHEMBL3942915
CHEMBL3900560,CHEMBL3945243
CHEMBL3900560,CHEMBL3984963
CHEMBL3900560,CHEMBL3908395
CHEMBL3900560,CHEMBL3949563
CHEMBL3900560,CHEMBL3910515
CHEMBL3900560,CHEMBL3937535
CHEMBL3900560,CHEMBL3939857
CHEMBL3900560,CHEMBL3973797
CHEMBL3900560,CHEMBL3891551
CHEMBL3900560,CHEMBL3921866
CHEMBL3900560,CHEMBL3913634
CHEMBL3900560,CHEMBL3891425
CHEMBL2151138,CHEMBL2151135
CHEMBL3985039,CHEMBL3897396
CHEMBL3985039,CHEMBL3906365
CHEMBL3985039,CHEMBL3914455
CHEMBL2011979,CHEMBL2011977
CHEMBL2011979,CHEMBL2012006
CHEMBL2011979,CHEMBL2011965
CHEMBL2011979,CHEMBL2011975
CHEMBL2011979,CHEMBL2011974
CHEMBL2011979,CHEMBL2012069
CHEMBL3959554,CHEMBL3892917
CHEMBL3959554,CHEMBL3889655
CHEMBL3959554,CHEMBL3949563
CHEMBL3959554,CHEMBL3928819
CHEMBL3959554,CHEMBL3973797
CHEMBL3959554,CHEMBL3983929
CHEMBL3959554,CHEMBL3891425
CHEMBL3960329,CHEMBL3902064
CHEMBL3960329,CHEMBL3931049
CHEMBL3960329,CHEMBL3924881
CHEMBL3960329,CHEMBL3938355
CHEMBL3960329,CHEMBL3898147
CHEMBL3960329,CHEMBL3925667
CHEMBL3960329,CHEMBL3975679
CHEMBL3960329,CHEMBL3930021
CHEMBL3960329,CHEMBL3915893
CHEMBL3960329,CHEMBL3916859
CHEMBL3960329,CHEMBL3907101
CHEMBL3960329,CHEMBL3947138
CHEMBL3960329,CHEMBL3907865
CHEMBL3960329,CHEMBL3949575
CHEMBL3960329,CHEMBL3961621
CHEMBL3960329,CHEMBL3921866
CHEMBL3960329,CHEMBL3984492
CHEMBL3912921,CHEMBL3944361
CHEMBL3912921,CHEMBL3941095
CHEMBL3912921,CHEMBL3936799
CHEMBL3912921,CHEMBL3907458
CHEMBL3912921,CHEMBL3958334
CHEMBL3912921,CHEMBL3934307
CHEMBL3949563,CHEMBL3954987
CHEMBL3949563,CHEMBL3923100
CHEMBL3949563,CHEMBL3928041
CHEMBL3949563,CHEMBL3914118
CHEMBL3949563,CHEMBL3892917
CHEMBL3949563,CHEMBL3940738
CHEMBL3949563,CHEMBL3952769
CHEMBL3949563,CHEMBL3945243
CHEMBL3949563,CHEMBL3908395
CHEMBL3949563,CHEMBL3910515
CHEMBL3949563,CHEMBL3892420
CHEMBL3949563,CHEMBL3903571
CHEMBL3949563,CHEMBL3925066
CHEMBL3949563,CHEMBL3894278
CHEMBL3949563,CHEMBL3906356
CHEMBL3949563,CHEMBL3915583
CHEMBL3949563,CHEMBL3984492
CHEMBL3949563,CHEMBL3985789
CHEMBL3949563,CHEMBL3947138
CHEMBL3949563,CHEMBL3904873
CHEMBL3949563,CHEMBL3950717
CHEMBL3949563,CHEMBL3961454
CHEMBL3949563,CHEMBL3939857
CHEMBL3949563,CHEMBL3982458
CHEMBL3949563,CHEMBL3973797
CHEMBL3949563,CHEMBL3891551
CHEMBL3949563,CHEMBL3929836
CHEMBL3949563,CHEMBL3913054
CHEMBL3916859,CHEMBL3954987
CHEMBL3916859,CHEMBL3902064
CHEMBL3916859,CHEMBL3928041
CHEMBL3916859,CHEMBL3914118
CHEMBL3916859,CHEMBL3931049
CHEMBL3916859,CHEMBL3924881
CHEMBL3916859,CHEMBL3938355
CHEMBL3916859,CHEMBL3903571
CHEMBL3916859,CHEMBL3898147
CHEMBL3916859,CHEMBL3975679
CHEMBL3916859,CHEMBL3930021
CHEMBL3916859,CHEMBL3929364
CHEMBL3916859,CHEMBL3950717
CHEMBL3916859,CHEMBL3985789
CHEMBL3916859,CHEMBL3912999
CHEMBL3916859,CHEMBL3915893
CHEMBL3916859,CHEMBL3982750
CHEMBL3916859,CHEMBL3969459
CHEMBL3916859,CHEMBL3942915
CHEMBL3916859,CHEMBL3984492
CHEMBL3916859,CHEMBL3961621
CHEMBL3916859,CHEMBL3947138
CHEMBL3916859,CHEMBL3978016
CHEMBL3916859,CHEMBL3907865
CHEMBL3916859,CHEMBL3949575
CHEMBL3916859,CHEMBL3904873
CHEMBL3916859,CHEMBL3907101
CHEMBL3916859,CHEMBL3929836
CHEMBL3916859,CHEMBL3921866
CHEMBL3916859,CHEMBL3913634
CHEMBL3928819,CHEMBL3923100
CHEMBL3928819,CHEMBL3937535
CHEMBL3928819,CHEMBL3891551
CHEMBL3915583,CHEMBL3923100
CHEMBL3915583,CHEMBL3943544
CHEMBL3915583,CHEMBL3892917
CHEMBL3915583,CHEMBL3940738
CHEMBL3915583,CHEMBL3945243
CHEMBL3915583,CHEMBL3908395
CHEMBL3915583,CHEMBL3910515
CHEMBL3915583,CHEMBL3893436
CHEMBL3915583,CHEMBL3939857
CHEMBL3915583,CHEMBL3894278
CHEMBL3915583,CHEMBL3984492
CHEMBL3915583,CHEMBL3947138
CHEMBL3915583,CHEMBL3982458
CHEMBL3915583,CHEMBL3973797
CHEMBL3915583,CHEMBL3891551
CHEMBL3915583,CHEMBL3918762
CHEMBL3915583,CHEMBL3921866
CHEMBL3915583,CHEMBL3891425
CHEMBL3915583,CHEMBL3913054
CHEMBL3942915,CHEMBL3943544
CHEMBL3942915,CHEMBL3928041
CHEMBL3942915,CHEMBL3914118
CHEMBL3942915,CHEMBL3903571
CHEMBL3942915,CHEMBL3975679
CHEMBL3942915,CHEMBL3937537
CHEMBL3942915,CHEMBL3985789
CHEMBL3942915,CHEMBL3915893
CHEMBL3942915,CHEMBL3939857
CHEMBL3942915,CHEMBL3907101
CHEMBL3942915,CHEMBL3949575
CHEMBL3942915,CHEMBL3905319
CHEMBL3942915,CHEMBL3907858
CHEMBL3942915,CHEMBL3929836
CHEMBL3942915,CHEMBL3969459
CHEMBL3942915,CHEMBL3984492
CHEMBL3942915,CHEMBL3935818
CHEMBL3942915,CHEMBL3901897
CHEMBL3942915,CHEMBL3913054
CHEMBL3929364,CHEMBL3924881
CHEMBL3929364,CHEMBL3975679
CHEMBL3929364,CHEMBL3984492
CHEMBL3929364,CHEMBL3961621
CHEMBL3929364,CHEMBL3947138
CHEMBL3929364,CHEMBL3907865
CHEMBL3929364,CHEMBL3949575
CHEMBL3929364,CHEMBL3915893
CHEMBL3929364,CHEMBL3907101
CHEMBL3982458,CHEMBL3901823
CHEMBL3982458,CHEMBL3947812
CHEMBL3982458,CHEMBL3954987
CHEMBL3982458,CHEMBL3892917
CHEMBL3982458,CHEMBL3984093
CHEMBL3982458,CHEMBL3911285
CHEMBL3982458,CHEMBL3893733
CHEMBL3982458,CHEMBL3894278
CHEMBL3982458,CHEMBL3940987
CHEMBL3982458,CHEMBL3906356
CHEMBL3982458,CHEMBL3965570
CHEMBL3982458,CHEMBL3984492
CHEMBL3982458,CHEMBL3945243
CHEMBL3982458,CHEMBL3947138
CHEMBL3982458,CHEMBL3948490
CHEMBL3982458,CHEMBL3984963
CHEMBL3982458,CHEMBL3894568
CHEMBL3982458,CHEMBL3908395
CHEMBL3982458,CHEMBL3910515
CHEMBL3982458,CHEMBL3970292
CHEMBL3903571,CHEMBL3985789
CHEMBL3903571,CHEMBL3907858
CHEMBL3903571,CHEMBL3914118
CHEMBL3903571,CHEMBL3892917
CHEMBL3903571,CHEMBL3892420
CHEMBL3903571,CHEMBL3975679
CHEMBL3903571,CHEMBL3941095
CHEMBL3903571,CHEMBL3947138
CHEMBL3903571,CHEMBL3907865
CHEMBL3903571,CHEMBL3905319
CHEMBL3903571,CHEMBL3894278
CHEMBL3903571,CHEMBL3910515
CHEMBL3903571,CHEMBL3969459
CHEMBL3903571,CHEMBL3984492
CHEMBL3948490,CHEMBL3940738
CHEMBL3948490,CHEMBL3984963
CHEMBL3948490,CHEMBL3930419
CHEMBL3948490,CHEMBL3906356
CHEMBL3930419,CHEMBL3984963
CHEMBL3930419,CHEMBL3901303
CHEMBL3964308,CHEMBL3969910
CHEMBL3964308,CHEMBL3936799
CHEMBL3942086,CHEMBL3954987
CHEMBL3942086,CHEMBL3945243
CHEMBL3942086,CHEMBL3976431
CHEMBL3942086,CHEMBL3982750
CHEMBL3942086,CHEMBL3984492
CHEMBL3942086,CHEMBL3947138
CHEMBL3942086,CHEMBL3912999
CHEMBL3942086,CHEMBL3904873
CHEMBL3942086,CHEMBL3950717
CHEMBL3942086,CHEMBL3921866
CHEMBL2011984,CHEMBL2011974
CHEMBL2011984,CHEMBL2151135
CHEMBL2011968,CHEMBL2011981
CHEMBL2011968,CHEMBL2011982
CHEMBL2011968,CHEMBL2011969
CHEMBL2011968,CHEMBL2011967
CHEMBL2011968,CHEMBL2011966
CHEMBL2011969,CHEMBL2011967
CHEMBL3894278,CHEMBL3954987
CHEMBL3894278,CHEMBL3923100
CHEMBL3894278,CHEMBL3928041
CHEMBL3894278,CHEMBL3892917
CHEMBL3894278,CHEMBL3940738
CHEMBL3894278,CHEMBL3945243
CHEMBL3894278,CHEMBL3908395
CHEMBL3894278,CHEMBL3910515
CHEMBL3894278,CHEMBL3892420
CHEMBL3894278,CHEMBL3893436
CHEMBL3894278,CHEMBL3950717
CHEMBL3894278,CHEMBL3985789
CHEMBL3894278,CHEMBL3961454
CHEMBL3894278,CHEMBL3939857
CHEMBL3894278,CHEMBL3947138
CHEMBL3894278,CHEMBL3906356
CHEMBL3894278,CHEMBL3984492
CHEMBL3894278,CHEMBL3904873
CHEMBL3894278,CHEMBL3973797
CHEMBL3894278,CHEMBL3891551
CHEMBL3894278,CHEMBL3891425
CHEMBL3894278,CHEMBL3913054
CHEMBL3958334,CHEMBL3944361
CHEMBL3958334,CHEMBL3955027
CHEMBL3958334,CHEMBL3936799
CHEMBL3958334,CHEMBL3907458
CHEMBL3958334,CHEMBL3934307
CHEMBL2011975,CHEMBL2011977
CHEMBL2011975,CHEMBL2011973
CHEMBL2011975,CHEMBL2011974
CHEMBL2011975,CHEMBL2011976
CHEMBL2011975,CHEMBL2011966
CHEMBL2011975,CHEMBL2011980
CHEMBL2012004,CHEMBL2012001
CHEMBL2012004,CHEMBL2012003
CHEMBL3983929,CHEMBL3985789
CHEMBL3983929,CHEMBL3937537
CHEMBL3907865,CHEMBL3954987
CHEMBL3907865,CHEMBL3902064
CHEMBL3907865,CHEMBL3928041
CHEMBL3907865,CHEMBL3931049
CHEMBL3907865,CHEMBL3924881
CHEMBL3907865,CHEMBL3898147
CHEMBL3907865,CHEMBL3925667
CHEMBL3907865,CHEMBL3975679
CHEMBL3907865,CHEMBL3930021
CHEMBL3907865,CHEMBL3950717
CHEMBL3907865,CHEMBL3912999
CHEMBL3907865,CHEMBL3915893
CHEMBL3907865,CHEMBL3982750
CHEMBL3907865,CHEMBL3907101
CHEMBL3907865,CHEMBL3947138
CHEMBL3907865,CHEMBL3907858
CHEMBL3907865,CHEMBL3969459
CHEMBL3907865,CHEMBL3984492
CHEMBL3907865,CHEMBL3961621
CHEMBL3907865,CHEMBL3977296
CHEMBL3907865,CHEMBL3965266
CHEMBL3907865,CHEMBL3978016
CHEMBL3907865,CHEMBL3949575
CHEMBL3907865,CHEMBL3904873
CHEMBL3907865,CHEMBL3921866
CHEMBL3907865,CHEMBL3935818
CHEMBL2151180,CHEMBL2151140
CHEMBL2011971,CHEMBL2011970
CHEMBL2011971,CHEMBL2011966
CHEMBL3965266,CHEMBL3954987
CHEMBL3965266,CHEMBL3931049
CHEMBL3965266,CHEMBL3924881
CHEMBL3965266,CHEMBL3975679
CHEMBL3965266,CHEMBL3950717
CHEMBL3965266,CHEMBL3915893
CHEMBL3965266,CHEMBL3907101
CHEMBL3965266,CHEMBL3949575
CHEMBL3965266,CHEMBL3921866
CHEMBL3965266,CHEMBL3904873
CHEMBL3935818,CHEMBL3969459
CHEMBL3935818,CHEMBL3928041
CHEMBL3935818,CHEMBL3985789
CHEMBL3935818,CHEMBL3984492
CHEMBL3935818,CHEMBL3890281
CHEMBL3935818,CHEMBL3910515
CHEMBL3935818,CHEMBL3949575
CHEMBL3907101,CHEMBL3954987
CHEMBL3907101,CHEMBL3902064
CHEMBL3907101,CHEMBL3931049
CHEMBL3907101,CHEMBL3924881
CHEMBL3907101,CHEMBL3969459
CHEMBL3907101,CHEMBL3982750
CHEMBL3907101,CHEMBL3928041
CHEMBL3907101,CHEMBL3979775
CHEMBL3907101,CHEMBL3985789
CHEMBL3907101,CHEMBL3984492
CHEMBL3907101,CHEMBL3961621
CHEMBL3907101,CHEMBL3898147
CHEMBL3907101,CHEMBL3947138
CHEMBL3907101,CHEMBL3977296
CHEMBL3907101,CHEMBL3925667
CHEMBL3907101,CHEMBL3978016
CHEMBL3907101,CHEMBL3914118
CHEMBL3907101,CHEMBL3938355
CHEMBL3907101,CHEMBL3910515
CHEMBL3907101,CHEMBL3949575
CHEMBL3907101,CHEMBL3930021
CHEMBL3907101,CHEMBL3912999
CHEMBL3907101,CHEMBL3904873
CHEMBL3984274,CHEMBL3934800
CHEMBL2011982,CHEMBL2011967
CHEMBL3931049,CHEMBL3975679
CHEMBL3931049,CHEMBL3924881
CHEMBL3931049,CHEMBL3984492
CHEMBL3931049,CHEMBL3961621
CHEMBL3931049,CHEMBL3947138
CHEMBL3931049,CHEMBL3977296
CHEMBL3931049,CHEMBL3976431
CHEMBL3931049,CHEMBL3949575
CHEMBL3931049,CHEMBL3915893
CHEMBL3931049,CHEMBL3921866
CHEMBL3672922,CHEMBL3937535
CHEMBL2012006,CHEMBL2011965
CHEMBL2012006,CHEMBL2012003
CHEMBL2012006,CHEMBL2011980
CHEMBL3946080,CHEMBL3894568
CHEMBL3937535,CHEMBL3923100
CHEMBL3937535,CHEMBL3892917
CHEMBL3937535,CHEMBL3937537
CHEMBL3937535,CHEMBL3973797
CHEMBL3937535,CHEMBL3891551
CHEMBL3937535,CHEMBL3913054
CHEMBL3889655,CHEMBL3937537
CHEMBL3889655,CHEMBL3985789
CHEMBL2011967,CHEMBL2011981
CHEMBL2011967,CHEMBL2011966
CHEMBL3891425,CHEMBL3892420
CHEMBL3891425,CHEMBL3954987
CHEMBL3891425,CHEMBL3892917
CHEMBL3891425,CHEMBL3952769
CHEMBL3891425,CHEMBL3906356
CHEMBL3891425,CHEMBL3923100
CHEMBL3891425,CHEMBL3928041
CHEMBL3891425,CHEMBL3984492
CHEMBL3891425,CHEMBL3940738
CHEMBL3891425,CHEMBL3945243
CHEMBL3891425,CHEMBL3985789
CHEMBL3891425,CHEMBL3947138
CHEMBL3891425,CHEMBL3914118
CHEMBL3891425,CHEMBL3908395
CHEMBL3891425,CHEMBL3910515
CHEMBL3891425,CHEMBL3904873
CHEMBL3947812,CHEMBL3940738
CHEMBL3947812,CHEMBL3901823
CHEMBL3947812,CHEMBL3893733
CHEMBL3947812,CHEMBL3940987
CHEMBL3947812,CHEMBL3906356
CHEMBL3947812,CHEMBL3984963
CHEMBL2012070,CHEMBL2011965
CHEMBL3934800,CHEMBL3913815
CHEMBL3934800,CHEMBL3945243
CHEMBL3934800,CHEMBL3914820
CHEMBL3934800,CHEMBL3939857
CHEMBL3977411,CHEMBL3984963
CHEMBL3977411,CHEMBL3906356
CHEMBL3977411,CHEMBL3970292
CHEMBL3914820,CHEMBL3913815
CHEMBL3914820,CHEMBL3940987
CHEMBL3914820,CHEMBL3901303
CHEMBL3976431,CHEMBL3954987
CHEMBL3976431,CHEMBL3924881
CHEMBL3976431,CHEMBL3982750
CHEMBL3976431,CHEMBL3979775
CHEMBL3976431,CHEMBL3984492
CHEMBL3976431,CHEMBL3947138
CHEMBL3976431,CHEMBL3890281
CHEMBL3976431,CHEMBL3904873
CHEMBL3976431,CHEMBL3950717
CHEMBL3976431,CHEMBL3921866
CHEMBL3955027,CHEMBL3907458
CHEMBL3893436,CHEMBL3945243
CHEMBL3893436,CHEMBL3908395
CHEMBL3893436,CHEMBL3910515
CHEMBL3893436,CHEMBL3984492
CHEMBL2012000,CHEMBL2011988
CHEMBL2012000,CHEMBL2011990
CHEMBL3969459,CHEMBL3928041
CHEMBL3969459,CHEMBL3914118
CHEMBL3969459,CHEMBL3910515
CHEMBL3969459,CHEMBL3975679
CHEMBL3969459,CHEMBL3985789
CHEMBL3969459,CHEMBL3915893
CHEMBL3969459,CHEMBL3947138
CHEMBL3969459,CHEMBL3905319
CHEMBL3969459,CHEMBL3907858
CHEMBL3969459,CHEMBL3929836
CHEMBL3969459,CHEMBL3984492
CHEMBL3969459,CHEMBL3890281
CHEMBL3969459,CHEMBL3913634
CHEMBL3901823,CHEMBL3894568
CHEMBL3901823,CHEMBL3940738
CHEMBL3978016,CHEMBL3975679
CHEMBL3978016,CHEMBL3915893
CHEMBL3978016,CHEMBL3947138
CHEMBL3978016,CHEMBL3961621
CHEMBL3978016,CHEMBL3984492
CHEMBL3978016,CHEMBL3979775
CHEMBL3975679,CHEMBL3954987
CHEMBL3975679,CHEMBL3902064
CHEMBL3975679,CHEMBL3928041
CHEMBL3975679,CHEMBL3914118
CHEMBL3975679,CHEMBL3924881
CHEMBL3975679,CHEMBL3938355
CHEMBL3975679,CHEMBL3910515
CHEMBL3975679,CHEMBL3898147
CHEMBL3975679,CHEMBL3925667
CHEMBL3975679,CHEMBL3982750
CHEMBL3975679,CHEMBL3979775
CHEMBL3975679,CHEMBL3985789
CHEMBL3975679,CHEMBL3984492
CHEMBL3975679,CHEMBL3961621
CHEMBL3975679,CHEMBL3947138
CHEMBL3975679,CHEMBL3977296
CHEMBL3975679,CHEMBL3949575
CHEMBL3975679,CHEMBL3930021
CHEMBL3975679,CHEMBL3912999
CHEMBL3975679,CHEMBL3904873
CHEMBL3975679,CHEMBL3950717
CHEMBL3975679,CHEMBL3929836
CHEMBL3975679,CHEMBL3921866
CHEMBL3975679,CHEMBL3913634
CHEMBL3975679,CHEMBL3901897
CHEMBL3940738,CHEMBL3954987
CHEMBL3940738,CHEMBL3894568
CHEMBL3940738,CHEMBL3892917
CHEMBL3940738,CHEMBL3984093
CHEMBL3940738,CHEMBL3911285
CHEMBL3940738,CHEMBL3893733
CHEMBL3940738,CHEMBL3940987
CHEMBL3940738,CHEMBL3906356
CHEMBL3940738,CHEMBL3965570
CHEMBL3940738,CHEMBL3984492
CHEMBL3940738,CHEMBL3945243
CHEMBL3940738,CHEMBL3947138
CHEMBL3940738,CHEMBL3984963
CHEMBL3940738,CHEMBL3908395
CHEMBL3940738,CHEMBL3910515
CHEMBL3940738,CHEMBL3970292
CHEMBL3940738,CHEMBL3950717
CHEMBL3940738,CHEMBL3973797
CHEMBL3968289,CHEMBL3947414
CHEMBL3968289,CHEMBL3944720
CHEMBL3968289,CHEMBL3914118
CHEMBL3968289,CHEMBL3892917
CHEMBL3968289,CHEMBL3952769
CHEMBL3968289,CHEMBL3910515
CHEMBL3968289,CHEMBL3985789
CHEMBL3968289,CHEMBL3935772
CHEMBL3968289,CHEMBL3925066
CHEMBL3968289,CHEMBL3939857
CHEMBL3968289,CHEMBL3973797
CHEMBL3968289,CHEMBL3929836
CHEMBL3968289,CHEMBL3921432
CHEMBL3968289,CHEMBL3920318
CHEMBL3925667,CHEMBL3902064
CHEMBL3925667,CHEMBL3924881
CHEMBL3925667,CHEMBL3938355
CHEMBL3925667,CHEMBL3961621
CHEMBL3925667,CHEMBL3915893
CHEMBL3891551,CHEMBL3892917
CHEMBL3891551,CHEMBL3945243
CHEMBL3891551,CHEMBL3984963
CHEMBL3891551,CHEMBL3943544
CHEMBL3891551,CHEMBL3908395
CHEMBL3891551,CHEMBL3910515
CHEMBL3929836,CHEMBL3892917
CHEMBL3929836,CHEMBL3952769
CHEMBL3929836,CHEMBL3928041
CHEMBL3929836,CHEMBL3985789
CHEMBL3929836,CHEMBL3984492
CHEMBL3929836,CHEMBL3947138
CHEMBL3929836,CHEMBL3977296
CHEMBL3929836,CHEMBL3932724
CHEMBL3929836,CHEMBL3943544
CHEMBL3929836,CHEMBL3911835
CHEMBL3929836,CHEMBL3910515
CHEMBL3929836,CHEMBL3949575
CHEMBL3929836,CHEMBL3912999
CHEMBL3944720,CHEMBL3947414
CHEMBL3944720,CHEMBL3984492
CHEMBL3944720,CHEMBL3945243
CHEMBL3944720,CHEMBL3935772
CHEMBL3944720,CHEMBL3910515
CHEMBL3944720,CHEMBL3944146
CHEMBL3944720,CHEMBL3921432
CHEMBL3944720,CHEMBL3920318
CHEMBL3977296,CHEMBL3914118
CHEMBL3977296,CHEMBL3924881
CHEMBL3977296,CHEMBL3911835
CHEMBL3977296,CHEMBL3898147
CHEMBL3977296,CHEMBL3930021
CHEMBL3977296,CHEMBL3985789
CHEMBL3977296,CHEMBL3915893
CHEMBL3977296,CHEMBL3901897
CHEMBL2011980,CHEMBL2011965
CHEMBL2011980,CHEMBL2011977
CHEMBL2011980,CHEMBL2011974
CHEMBL3944361,CHEMBL3936799
CHEMBL3944361,CHEMBL3934307
CHEMBL3914118,CHEMBL3932724
CHEMBL3914118,CHEMBL3943544
CHEMBL3914118,CHEMBL3928041
CHEMBL3914118,CHEMBL3892917
CHEMBL3914118,CHEMBL3952769
CHEMBL3914118,CHEMBL3985789
CHEMBL3914118,CHEMBL3984492
CHEMBL3914118,CHEMBL3947138
CHEMBL3914118,CHEMBL3911835
CHEMBL3914118,CHEMBL3910515
CHEMBL3914118,CHEMBL3949575
CHEMBL3914118,CHEMBL3912999
CHEMBL3914118,CHEMBL3925066
CHEMBL3914118,CHEMBL3915893
CHEMBL3914118,CHEMBL3939857
CHEMBL3914118,CHEMBL3944146
CHEMBL3914118,CHEMBL3973797
CHEMBL3914118,CHEMBL3913634
CHEMBL3914118,CHEMBL3901897
CHEMBL2011974,CHEMBL2011977
CHEMBL2011974,CHEMBL2011973
CHEMBL2011974,CHEMBL2011983
CHEMBL2011974,CHEMBL2011966
CHEMBL3907458,CHEMBL3934307
CHEMBL3907858,CHEMBL3928041
CHEMBL3907858,CHEMBL3910515
CHEMBL3907858,CHEMBL3985789
CHEMBL3907858,CHEMBL3949575
CHEMBL3907858,CHEMBL3984492
CHEMBL3907858,CHEMBL3890281
CHEMBL3907858,CHEMBL3913634
CHEMBL3927804,CHEMBL3984050
CHEMBL3927804,CHEMBL3985789
CHEMBL3927804,CHEMBL3905319
CHEMBL3927804,CHEMBL3941095
CHEMBL3949575,CHEMBL3954987
CHEMBL3949575,CHEMBL3902064
CHEMBL3949575,CHEMBL3924881
CHEMBL3949575,CHEMBL3938355
CHEMBL3949575,CHEMBL3898147
CHEMBL3949575,CHEMBL3930021
CHEMBL3949575,CHEMBL3950717
CHEMBL3949575,CHEMBL3985789
CHEMBL3949575,CHEMBL3915893
CHEMBL3949575,CHEMBL3947138
CHEMBL3949575,CHEMBL3984492
CHEMBL3949575,CHEMBL3904873
CHEMBL3949575,CHEMBL3921866
CHEMBL3949575,CHEMBL3913634
CHEMBL3949575,CHEMBL3901897
CHEMBL3943544,CHEMBL3923100
CHEMBL3943544,CHEMBL3932724
CHEMBL3943544,CHEMBL3912999
CHEMBL3943544,CHEMBL3921866
CHEMBL3943544,CHEMBL3913634
CHEMBL3943544,CHEMBL3901897
CHEMBL3911835,CHEMBL3912999
CHEMBL3904722,CHEMBL3932724
CHEMBL3904722,CHEMBL3901897
CHEMBL3985789,CHEMBL3947414
CHEMBL3985789,CHEMBL3928041
CHEMBL3985789,CHEMBL3892917
CHEMBL3985789,CHEMBL3924881
CHEMBL3985789,CHEMBL3941095
CHEMBL3985789,CHEMBL3937899
CHEMBL3985789,CHEMBL3952769
CHEMBL3985789,CHEMBL3945243
CHEMBL3985789,CHEMBL3910515
CHEMBL3985789,CHEMBL3892420
CHEMBL3985789,CHEMBL3925066
CHEMBL3985789,CHEMBL3937537
CHEMBL3985789,CHEMBL3906518
CHEMBL3985789,CHEMBL3947138
CHEMBL3985789,CHEMBL3905319
CHEMBL3985789,CHEMBL3984492
CHEMBL3985789,CHEMBL3890281
CHEMBL3985789,CHEMBL3961454
CHEMBL3985789,CHEMBL3915893
CHEMBL3985789,CHEMBL3939857
CHEMBL3985789,CHEMBL3944146
CHEMBL3985789,CHEMBL3973797
CHEMBL3985789,CHEMBL3921432
CHEMBL3985789,CHEMBL3902972
CHEMBL3985789,CHEMBL3913634
CHEMBL3985789,CHEMBL3901897
CHEMBL3979775,CHEMBL3954987
CHEMBL3979775,CHEMBL3950717
CHEMBL3979775,CHEMBL3915893
CHEMBL3979775,CHEMBL3982750
CHEMBL3979775,CHEMBL3947138
CHEMBL3979775,CHEMBL3921866
CHEMBL3979775,CHEMBL3890281
CHEMBL3979775,CHEMBL3904873
CHEMBL3937537,CHEMBL3913634
CHEMBL3984492,CHEMBL3954987
CHEMBL3984492,CHEMBL3902064
CHEMBL3984492,CHEMBL3928041
CHEMBL3984492,CHEMBL3924881
CHEMBL3984492,CHEMBL3945243
CHEMBL3984492,CHEMBL3938355
CHEMBL3984492,CHEMBL3908395
CHEMBL3984492,CHEMBL3910515
CHEMBL3984492,CHEMBL3898147
CHEMBL3984492,CHEMBL3930021
CHEMBL3984492,CHEMBL3950717
CHEMBL3984492,CHEMBL3915893
CHEMBL3984492,CHEMBL3982750
CHEMBL3984492,CHEMBL3947138
CHEMBL3984492,CHEMBL3961621
CHEMBL3984492,CHEMBL3921866
CHEMBL3984492,CHEMBL3904873
CHEMBL3984492,CHEMBL3913634
CHEMBL3984492,CHEMBL3901897
CHEMBL3927055,CHEMBL3951262
CHEMBL3924881,CHEMBL3954987
CHEMBL3924881,CHEMBL3961621
CHEMBL3924881,CHEMBL3947138
CHEMBL3924881,CHEMBL3950717
CHEMBL3924881,CHEMBL3915893
CHEMBL3924881,CHEMBL3921866
CHEMBL3924881,CHEMBL3901897
CHEMBL3902064,CHEMBL3961621
CHEMBL3902064,CHEMBL3898147
CHEMBL3902064,CHEMBL3947138
CHEMBL3902064,CHEMBL3938355
CHEMBL3902064,CHEMBL3930021
CHEMBL3902064,CHEMBL3915893
CHEMBL3902064,CHEMBL3921866
CHEMBL3893733,CHEMBL3984093
CHEMBL3893733,CHEMBL3940987
CHEMBL3893733,CHEMBL3965570
CHEMBL3952769,CHEMBL3892917
CHEMBL3952769,CHEMBL3892420
CHEMBL3952769,CHEMBL3910515
CHEMBL3952769,CHEMBL3961454
CHEMBL3952769,CHEMBL3939857
CHEMBL3952769,CHEMBL3944146
CHEMBL3952769,CHEMBL3973797
CHEMBL3925066,CHEMBL3892420
CHEMBL3925066,CHEMBL3892917
CHEMBL3925066,CHEMBL3910515
CHEMBL3898147,CHEMBL3938355
CHEMBL3898147,CHEMBL3961621
CHEMBL3898147,CHEMBL3947138
CHEMBL3898147,CHEMBL3930021
CHEMBL3898147,CHEMBL3915893
CHEMBL3890281,CHEMBL3954987
CHEMBL3890281,CHEMBL3950717
CHEMBL3890281,CHEMBL3982750
CHEMBL3890281,CHEMBL3947138
CHEMBL3890281,CHEMBL3921866
CHEMBL3890281,CHEMBL3904873
CHEMBL3973797,CHEMBL3892420
CHEMBL3973797,CHEMBL3923100
CHEMBL3973797,CHEMBL3906356
CHEMBL3973797,CHEMBL3947414
CHEMBL3973797,CHEMBL3928041
CHEMBL3973797,CHEMBL3945243
CHEMBL3973797,CHEMBL3984963
CHEMBL3973797,CHEMBL3908395
CHEMBL3973797,CHEMBL3910515
CHEMBL3913400,CHEMBL3937899
CHEMBL3913400,CHEMBL3936799
CHEMBL3913400,CHEMBL3934307
CHEMBL3930021,CHEMBL3938355
CHEMBL3930021,CHEMBL3961621
CHEMBL3930021,CHEMBL3947138
CHEMBL3930021,CHEMBL3915893
CHEMBL3907681,CHEMBL3906356
CHEMBL3984093,CHEMBL3940987
CHEMBL3984093,CHEMBL3965570
CHEMBL2011976,CHEMBL2011973
CHEMBL2011976,CHEMBL2011966
CHEMBL3910515,CHEMBL3923100
CHEMBL3910515,CHEMBL3947414
CHEMBL3910515,CHEMBL3928041
CHEMBL3910515,CHEMBL3892917
CHEMBL3910515,CHEMBL3945243
CHEMBL3910515,CHEMBL3908395
CHEMBL3910515,CHEMBL3892420
CHEMBL3910515,CHEMBL3947138
CHEMBL3910515,CHEMBL3951262
CHEMBL3910515,CHEMBL3961454
CHEMBL3910515,CHEMBL3915893
CHEMBL3910515,CHEMBL3939857
CHEMBL3910515,CHEMBL3944146
CHEMBL3910515,CHEMBL3921432
CHEMBL3910515,CHEMBL3901897
CHEMBL3910515,CHEMBL3913054
CHEMBL2151139,CHEMBL2151140
CHEMBL3938355,CHEMBL3961621
CHEMBL3938355,CHEMBL3947138
CHEMBL3938355,CHEMBL3915893
CHEMBL3938355,CHEMBL3921866
CHEMBL3944146,CHEMBL3892917
CHEMBL3944146,CHEMBL3947414
CHEMBL3944146,CHEMBL3935772
CHEMBL3923100,CHEMBL3892917
CHEMBL3923100,CHEMBL3945243
CHEMBL3923100,CHEMBL3984963
CHEMBL3923100,CHEMBL3908395
CHEMBL3923100,CHEMBL3939857
CHEMBL3923100,CHEMBL3921866
CHEMBL3923100,CHEMBL3913054
CHEMBL3897396,CHEMBL3966088
CHEMBL3897396,CHEMBL3906365
CHEMBL3897396,CHEMBL3979167
CHEMBL3897396,CHEMBL3914455
CHEMBL3897396,CHEMBL3918762
CHEMBL3966558,CHEMBL3937899
CHEMBL3966558,CHEMBL3936799
CHEMBL3966558,CHEMBL3934307
CHEMBL3921432,CHEMBL3892420
CHEMBL3921432,CHEMBL3892917
CHEMBL3921432,CHEMBL3945243
CHEMBL3921432,CHEMBL3935772
CHEMBL3947414,CHEMBL3892420
CHEMBL3947414,CHEMBL3892917
CHEMBL3947414,CHEMBL3945243
CHEMBL3947414,CHEMBL3935772
CHEMBL3947414,CHEMBL3961454
CHEMBL3947414,CHEMBL3939857
CHEMBL3947414,CHEMBL3920318
CHEMBL3947414,CHEMBL3901897
CHEMBL3928041,CHEMBL3892917
CHEMBL3928041,CHEMBL3892420
CHEMBL3928041,CHEMBL3941095
CHEMBL3928041,CHEMBL3947138
CHEMBL3928041,CHEMBL3905319
CHEMBL3928041,CHEMBL3961454
CHEMBL3928041,CHEMBL3915893
CHEMBL3928041,CHEMBL3939857
CHEMBL3928041,CHEMBL3913634
CHEMBL3928041,CHEMBL3901897
CHEMBL3934307,CHEMBL3984050
CHEMBL3932724,CHEMBL3912999
CHEMBL3982750,CHEMBL3954987
CHEMBL3982750,CHEMBL3950717
CHEMBL3982750,CHEMBL3912999
CHEMBL3982750,CHEMBL3915893
CHEMBL3982750,CHEMBL3947138
CHEMBL3982750,CHEMBL3904873
CHEMBL3982750,CHEMBL3921866
CHEMBL3921866,CHEMBL3954987
CHEMBL3921866,CHEMBL3892917
CHEMBL3921866,CHEMBL3945243
CHEMBL3921866,CHEMBL3947138
CHEMBL3921866,CHEMBL3908395
CHEMBL3921866,CHEMBL3912999
CHEMBL3921866,CHEMBL3904873
CHEMBL3940987,CHEMBL3945940
CHEMBL3940987,CHEMBL3965570
CHEMBL3920318,CHEMBL3945243
CHEMBL2011965,CHEMBL2012069
CHEMBL3961621,CHEMBL3915893
CHEMBL3961621,CHEMBL3947138
CHEMBL3966088,CHEMBL3906365
CHEMBL3966088,CHEMBL3914455
CHEMBL3906365,CHEMBL3914455
CHEMBL2011977,CHEMBL2011966
CHEMBL3987008,CHEMBL3979167
CHEMBL3987008,CHEMBL3918762
CHEMBL3987008,CHEMBL3906518
CHEMBL3912999,CHEMBL3954987
CHEMBL3912999,CHEMBL3950717
CHEMBL3912999,CHEMBL3904873
CHEMBL3912999,CHEMBL3915893
CHEMBL3984050,CHEMBL3937899
CHEMBL3984050,CHEMBL3936799
CHEMBL3984050,CHEMBL3902972
CHEMBL3954987,CHEMBL3947138
CHEMBL3954987,CHEMBL3904873
CHEMBL3954987,CHEMBL3915893
CHEMBL3945243,CHEMBL3892917
CHEMBL3945243,CHEMBL3935772
CHEMBL3945243,CHEMBL3947138
CHEMBL3945243,CHEMBL3906356
CHEMBL3945243,CHEMBL3908395
CHEMBL3945243,CHEMBL3913815
CHEMBL3945243,CHEMBL3939857
CHEMBL3945243,CHEMBL3913054
CHEMBL3915893,CHEMBL3947138
CHEMBL3915893,CHEMBL3904873
CHEMBL3906518,CHEMBL3941095
CHEMBL3906518,CHEMBL3979167
CHEMBL3906518,CHEMBL3918762
CHEMBL3913634,CHEMBL3905319
CHEMBL3906356,CHEMBL3892917
CHEMBL3906356,CHEMBL3984963
CHEMBL3913815,CHEMBL3892420
CHEMBL3913815,CHEMBL3961454
CHEMBL3904873,CHEMBL3950717
CHEMBL3904873,CHEMBL3947138
CHEMBL3961454,CHEMBL3892917
CHEMBL3937899,CHEMBL3941095
CHEMBL3937899,CHEMBL3905319
CHEMBL3950717,CHEMBL3947138
CHEMBL3892917,CHEMBL3892420
CHEMBL3892917,CHEMBL3984963
CHEMBL3892917,CHEMBL3908395
CHEMBL3892917,CHEMBL3939857
CHEMBL3892917,CHEMBL3901897
CHEMBL3892917,CHEMBL3913054
CHEMBL3939857,CHEMBL3892420
CHEMBL3939857,CHEMBL3908395
CHEMBL3892420,CHEMBL3901897
CHEMBL3918762,CHEMBL3908395
CHEMBL3918762,CHEMBL3979167
CHEMBL3918762,CHEMBL3914455
CHEMBL2012069,CHEMBL2012003
CHEMBL3941095,CHEMBL3905319
CHEMBL3941095,CHEMBL3902972
CHEMBL3947138,CHEMBL3908395
CHEMBL3979167,CHEMBL3914455
CHEMBL2011988,CHEMBL2011992
CHEMBL2011988,CHEMBL2011990
CHEMBL2011992,CHEMBL2011990
CHEMBL3905319,CHEMBL3902972
CHEMBL3908395,CHEMBL3913054
CHEMBL3913054,CHEMBL3984963
CHEMBL2011966,CHEMBL2011973
